_ID,x,y,z
39,-101539.71423499999,259547.87545000002,535.5710331500641
39,-101537.72423499999,259543.92045,533.6495331500636
39,-101505.05123499999,259560.37345,533.802033150064
39,-101507.05423499999,259564.33245000002,535.555783150064
39,-101539.71423499999,259547.87545000002,535.5710331500641
